month,level_1,value
1961-01,Number Of Air Passenger Arrivals,11814
1961-02,Number Of Air Passenger Arrivals,11027
1961-03,Number Of Air Passenger Arrivals,12703
1961-04,Number Of Air Passenger Arrivals,13159
1961-05,Number Of Air Passenger Arrivals,12221
1961-06,Number Of Air Passenger Arrivals,11532
1961-07,Number Of Air Passenger Arrivals,13655
1961-08,Number Of Air Passenger Arrivals,13501
1961-09,Number Of Air Passenger Arrivals,12974
1961-10,Number Of Air Passenger Arrivals,13619
1961-11,Number Of Air Passenger Arrivals,13505
1961-12,Number Of Air Passenger Arrivals,14951
1962-01,Number Of Air Passenger Arrivals,13149
1962-02,Number Of Air Passenger Arrivals,12196
1962-03,Number Of Air Passenger Arrivals,13230
1962-04,Number Of Air Passenger Arrivals,15300
1962-05,Number Of Air Passenger Arrivals,14352
1962-06,Number Of Air Passenger Arrivals,12694
1962-07,Number Of Air Passenger Arrivals,14982
1962-08,Number Of Air Passenger Arrivals,15403
1962-09,Number Of Air Passenger Arrivals,14135
1962-10,Number Of Air Passenger Arrivals,14856
1962-11,Number Of Air Passenger Arrivals,16290
1962-12,Number Of Air Passenger Arrivals,16798
1963-01,Number Of Air Passenger Arrivals,14446
1963-02,Number Of Air Passenger Arrivals,13284
1963-03,Number Of Air Passenger Arrivals,15993
1963-04,Number Of Air Passenger Arrivals,17141
1963-05,Number Of Air Passenger Arrivals,16200
1963-06,Number Of Air Passenger Arrivals,13854
1963-07,Number Of Air Passenger Arrivals,17634
1963-08,Number Of Air Passenger Arrivals,18278
1963-09,Number Of Air Passenger Arrivals,14838
1963-10,Number Of Air Passenger Arrivals,14671
1963-11,Number Of Air Passenger Arrivals,16172
1963-12,Number Of Air Passenger Arrivals,16308
1964-01,Number Of Air Passenger Arrivals,15535
1964-02,Number Of Air Passenger Arrivals,16771
1964-03,Number Of Air Passenger Arrivals,16948
1964-04,Number Of Air Passenger Arrivals,16668
1964-05,Number Of Air Passenger Arrivals,17118
1964-06,Number Of Air Passenger Arrivals,14445
1964-07,Number Of Air Passenger Arrivals,16281
1964-08,Number Of Air Passenger Arrivals,16701
1964-09,Number Of Air Passenger Arrivals,14978
1964-10,Number Of Air Passenger Arrivals,17096
1964-11,Number Of Air Passenger Arrivals,18245
1964-12,Number Of Air Passenger Arrivals,19886
1965-01,Number Of Air Passenger Arrivals,17864
1965-02,Number Of Air Passenger Arrivals,16988
1965-03,Number Of Air Passenger Arrivals,18571
1965-04,Number Of Air Passenger Arrivals,20258
1965-05,Number Of Air Passenger Arrivals,20468
1965-06,Number Of Air Passenger Arrivals,16531
1965-07,Number Of Air Passenger Arrivals,21019
1965-08,Number Of Air Passenger Arrivals,21032
1965-09,Number Of Air Passenger Arrivals,17825
1965-10,Number Of Air Passenger Arrivals,19327
1965-11,Number Of Air Passenger Arrivals,19738
1965-12,Number Of Air Passenger Arrivals,22930
1966-01,Number Of Air Passenger Arrivals,19674
1966-02,Number Of Air Passenger Arrivals,18502
1966-03,Number Of Air Passenger Arrivals,19554
1966-04,Number Of Air Passenger Arrivals,22266
1966-05,Number Of Air Passenger Arrivals,21311
1966-06,Number Of Air Passenger Arrivals,20129
1966-07,Number Of Air Passenger Arrivals,23641
1966-08,Number Of Air Passenger Arrivals,24238
1966-09,Number Of Air Passenger Arrivals,21791
1966-10,Number Of Air Passenger Arrivals,23914
1966-11,Number Of Air Passenger Arrivals,25337
1966-12,Number Of Air Passenger Arrivals,29729
1967-01,Number Of Air Passenger Arrivals,24505
1967-02,Number Of Air Passenger Arrivals,24067
1967-03,Number Of Air Passenger Arrivals,26357
1967-04,Number Of Air Passenger Arrivals,29351
1967-05,Number Of Air Passenger Arrivals,29076
1967-06,Number Of Air Passenger Arrivals,25634
1967-07,Number Of Air Passenger Arrivals,31159
1967-08,Number Of Air Passenger Arrivals,33547
1967-09,Number Of Air Passenger Arrivals,29002
1967-10,Number Of Air Passenger Arrivals,30752
1967-11,Number Of Air Passenger Arrivals,31148
1967-12,Number Of Air Passenger Arrivals,35570
1968-01,Number Of Air Passenger Arrivals,30783
1968-02,Number Of Air Passenger Arrivals,28879
1968-03,Number Of Air Passenger Arrivals,31072
1968-04,Number Of Air Passenger Arrivals,35549
1968-05,Number Of Air Passenger Arrivals,34114
1968-06,Number Of Air Passenger Arrivals,31357
1968-07,Number Of Air Passenger Arrivals,34943
1968-08,Number Of Air Passenger Arrivals,38365
1968-09,Number Of Air Passenger Arrivals,33023
1968-10,Number Of Air Passenger Arrivals,36237
1968-11,Number Of Air Passenger Arrivals,36340
1968-12,Number Of Air Passenger Arrivals,42090
1969-01,Number Of Air Passenger Arrivals,37132
1969-02,Number Of Air Passenger Arrivals,35154
1969-03,Number Of Air Passenger Arrivals,38858
1969-04,Number Of Air Passenger Arrivals,43755
1969-05,Number Of Air Passenger Arrivals,41822
1969-06,Number Of Air Passenger Arrivals,37321
1969-07,Number Of Air Passenger Arrivals,45684
1969-08,Number Of Air Passenger Arrivals,47886
1969-09,Number Of Air Passenger Arrivals,43589
1969-10,Number Of Air Passenger Arrivals,47946
1969-11,Number Of Air Passenger Arrivals,49994
1969-12,Number Of Air Passenger Arrivals,58243
1970-01,Number Of Air Passenger Arrivals,48859
1970-02,Number Of Air Passenger Arrivals,43746
1970-03,Number Of Air Passenger Arrivals,49349
1970-04,Number Of Air Passenger Arrivals,58256
1970-05,Number Of Air Passenger Arrivals,56988
1970-06,Number Of Air Passenger Arrivals,52885
1970-07,Number Of Air Passenger Arrivals,62957
1970-08,Number Of Air Passenger Arrivals,68000
1970-09,Number Of Air Passenger Arrivals,58346
1970-10,Number Of Air Passenger Arrivals,55454
1970-11,Number Of Air Passenger Arrivals,57083
1970-12,Number Of Air Passenger Arrivals,70361
1971-01,Number Of Air Passenger Arrivals,62376
1971-02,Number Of Air Passenger Arrivals,54479
1971-03,Number Of Air Passenger Arrivals,60113
1971-04,Number Of Air Passenger Arrivals,65937
1971-05,Number Of Air Passenger Arrivals,67710
1971-06,Number Of Air Passenger Arrivals,61183
1971-07,Number Of Air Passenger Arrivals,68405
1971-08,Number Of Air Passenger Arrivals,77061
1971-09,Number Of Air Passenger Arrivals,68807
1971-10,Number Of Air Passenger Arrivals,75122
1971-11,Number Of Air Passenger Arrivals,74253
1971-12,Number Of Air Passenger Arrivals,90266
1972-01,Number Of Air Passenger Arrivals,73856
1972-02,Number Of Air Passenger Arrivals,76131
1972-03,Number Of Air Passenger Arrivals,79351
1972-04,Number Of Air Passenger Arrivals,78939
1972-05,Number Of Air Passenger Arrivals,80308
1972-06,Number Of Air Passenger Arrivals,78715
1972-07,Number Of Air Passenger Arrivals,84288
1972-08,Number Of Air Passenger Arrivals,93504
1972-09,Number Of Air Passenger Arrivals,85054
1972-10,Number Of Air Passenger Arrivals,91530
1972-11,Number Of Air Passenger Arrivals,93452
1972-12,Number Of Air Passenger Arrivals,114086
1973-01,Number Of Air Passenger Arrivals,101191
1973-02,Number Of Air Passenger Arrivals,97305
1973-03,Number Of Air Passenger Arrivals,98999
1973-04,Number Of Air Passenger Arrivals,108029
1973-05,Number Of Air Passenger Arrivals,104081
1973-06,Number Of Air Passenger Arrivals,105185
1973-07,Number Of Air Passenger Arrivals,113821
1973-08,Number Of Air Passenger Arrivals,123210
1973-09,Number Of Air Passenger Arrivals,113284
1973-10,Number Of Air Passenger Arrivals,120407
1973-11,Number Of Air Passenger Arrivals,124820
1973-12,Number Of Air Passenger Arrivals,140413
1974-01,Number Of Air Passenger Arrivals,126613
1974-02,Number Of Air Passenger Arrivals,107737
1974-03,Number Of Air Passenger Arrivals,114903
1974-04,Number Of Air Passenger Arrivals,118574
1974-05,Number Of Air Passenger Arrivals,114174
1974-06,Number Of Air Passenger Arrivals,120309
1974-07,Number Of Air Passenger Arrivals,124890
1974-08,Number Of Air Passenger Arrivals,136623
1974-09,Number Of Air Passenger Arrivals,117991
1974-10,Number Of Air Passenger Arrivals,123795
1974-11,Number Of Air Passenger Arrivals,125167
1974-12,Number Of Air Passenger Arrivals,152456
1975-01,Number Of Air Passenger Arrivals,129839
1975-02,Number Of Air Passenger Arrivals,117525
1975-03,Number Of Air Passenger Arrivals,128896
1975-04,Number Of Air Passenger Arrivals,129237
1975-05,Number Of Air Passenger Arrivals,126822
1975-06,Number Of Air Passenger Arrivals,128888
1975-07,Number Of Air Passenger Arrivals,134183
1975-08,Number Of Air Passenger Arrivals,155478
1975-09,Number Of Air Passenger Arrivals,139073
1975-10,Number Of Air Passenger Arrivals,141101
1975-11,Number Of Air Passenger Arrivals,145183
1975-12,Number Of Air Passenger Arrivals,170856
1976-01,Number Of Air Passenger Arrivals,148025
1976-02,Number Of Air Passenger Arrivals,138978
1976-03,Number Of Air Passenger Arrivals,142358
1976-04,Number Of Air Passenger Arrivals,144777
1976-05,Number Of Air Passenger Arrivals,147145
1976-06,Number Of Air Passenger Arrivals,147230
1976-07,Number Of Air Passenger Arrivals,155606
1976-08,Number Of Air Passenger Arrivals,174385
1976-09,Number Of Air Passenger Arrivals,154373
1976-10,Number Of Air Passenger Arrivals,156788
1976-11,Number Of Air Passenger Arrivals,158555
1976-12,Number Of Air Passenger Arrivals,191285
1977-01,Number Of Air Passenger Arrivals,167788
1977-02,Number Of Air Passenger Arrivals,147337
1977-03,Number Of Air Passenger Arrivals,161478
1977-04,Number Of Air Passenger Arrivals,164168
1977-05,Number Of Air Passenger Arrivals,161790
1977-06,Number Of Air Passenger Arrivals,170447
1977-07,Number Of Air Passenger Arrivals,182838
1977-08,Number Of Air Passenger Arrivals,199961
1977-09,Number Of Air Passenger Arrivals,172769
1977-10,Number Of Air Passenger Arrivals,177291
1977-11,Number Of Air Passenger Arrivals,187406
1977-12,Number Of Air Passenger Arrivals,213437
1978-01,Number Of Air Passenger Arrivals,187574
1978-02,Number Of Air Passenger Arrivals,168272
1978-03,Number Of Air Passenger Arrivals,183520
1978-04,Number Of Air Passenger Arrivals,188724
1978-05,Number Of Air Passenger Arrivals,191494
1978-06,Number Of Air Passenger Arrivals,195129
1978-07,Number Of Air Passenger Arrivals,205855
1978-08,Number Of Air Passenger Arrivals,229990
1978-09,Number Of Air Passenger Arrivals,202499
1978-10,Number Of Air Passenger Arrivals,209060
1978-11,Number Of Air Passenger Arrivals,215825
1978-12,Number Of Air Passenger Arrivals,232313
1979-01,Number Of Air Passenger Arrivals,208225
1979-02,Number Of Air Passenger Arrivals,184416
1979-03,Number Of Air Passenger Arrivals,205632
1979-04,Number Of Air Passenger Arrivals,214303
1979-05,Number Of Air Passenger Arrivals,209815
1979-06,Number Of Air Passenger Arrivals,231142
1979-07,Number Of Air Passenger Arrivals,239553
1979-08,Number Of Air Passenger Arrivals,252611
1979-09,Number Of Air Passenger Arrivals,224760
1979-10,Number Of Air Passenger Arrivals,237348
1979-11,Number Of Air Passenger Arrivals,244982
1979-12,Number Of Air Passenger Arrivals,267393
1980-01,Number Of Air Passenger Arrivals,235030
1980-02,Number Of Air Passenger Arrivals,227555
1980-03,Number Of Air Passenger Arrivals,246262
1980-04,Number Of Air Passenger Arrivals,240343
1980-05,Number Of Air Passenger Arrivals,246876
1980-06,Number Of Air Passenger Arrivals,264753
1980-07,Number Of Air Passenger Arrivals,271505
1980-08,Number Of Air Passenger Arrivals,298606
1980-09,Number Of Air Passenger Arrivals,250091
1980-10,Number Of Air Passenger Arrivals,267687
1980-11,Number Of Air Passenger Arrivals,275384
1980-12,Number Of Air Passenger Arrivals,316631
1981-01,Number Of Air Passenger Arrivals,271695
1981-02,Number Of Air Passenger Arrivals,265569
1981-03,Number Of Air Passenger Arrivals,272334
1981-04,Number Of Air Passenger Arrivals,275944
1981-05,Number Of Air Passenger Arrivals,274595
1981-06,Number Of Air Passenger Arrivals,311813
1981-07,Number Of Air Passenger Arrivals,318493
1981-08,Number Of Air Passenger Arrivals,344177
1981-09,Number Of Air Passenger Arrivals,289059
1981-10,Number Of Air Passenger Arrivals,307745
1981-11,Number Of Air Passenger Arrivals,314739
1981-12,Number Of Air Passenger Arrivals,350941
1982-01,Number Of Air Passenger Arrivals,315469
1982-02,Number Of Air Passenger Arrivals,277433
1982-03,Number Of Air Passenger Arrivals,298032
1982-04,Number Of Air Passenger Arrivals,291148
1982-05,Number Of Air Passenger Arrivals,294788
1982-06,Number Of Air Passenger Arrivals,335718
1982-07,Number Of Air Passenger Arrivals,338064
1982-08,Number Of Air Passenger Arrivals,346210
1982-09,Number Of Air Passenger Arrivals,295237
1982-10,Number Of Air Passenger Arrivals,315451
1982-11,Number Of Air Passenger Arrivals,323149
1982-12,Number Of Air Passenger Arrivals,356712
1983-01,Number Of Air Passenger Arrivals,300961
1983-02,Number Of Air Passenger Arrivals,288663
1983-03,Number Of Air Passenger Arrivals,307881
1983-04,Number Of Air Passenger Arrivals,292871
1983-05,Number Of Air Passenger Arrivals,308903
1983-06,Number Of Air Passenger Arrivals,338558
1983-07,Number Of Air Passenger Arrivals,328601
1983-08,Number Of Air Passenger Arrivals,340724
1983-09,Number Of Air Passenger Arrivals,310620
1983-10,Number Of Air Passenger Arrivals,320816
1983-11,Number Of Air Passenger Arrivals,314848
1983-12,Number Of Air Passenger Arrivals,377274
1984-01,Number Of Air Passenger Arrivals,315986
1984-02,Number Of Air Passenger Arrivals,314134
1984-03,Number Of Air Passenger Arrivals,322277
1984-04,Number Of Air Passenger Arrivals,338332
1984-05,Number Of Air Passenger Arrivals,339986
1984-06,Number Of Air Passenger Arrivals,369957
1984-07,Number Of Air Passenger Arrivals,356897
1984-08,Number Of Air Passenger Arrivals,374408
1984-09,Number Of Air Passenger Arrivals,345375
1984-10,Number Of Air Passenger Arrivals,352784
1984-11,Number Of Air Passenger Arrivals,344060
1984-12,Number Of Air Passenger Arrivals,406556
1985-01,Number Of Air Passenger Arrivals,334655
1985-02,Number Of Air Passenger Arrivals,327810
1985-03,Number Of Air Passenger Arrivals,363037
1985-04,Number Of Air Passenger Arrivals,344261
1985-05,Number Of Air Passenger Arrivals,340648
1985-06,Number Of Air Passenger Arrivals,394034
1985-07,Number Of Air Passenger Arrivals,368822
1985-08,Number Of Air Passenger Arrivals,386580
1985-09,Number Of Air Passenger Arrivals,346416
1985-10,Number Of Air Passenger Arrivals,348699
1985-11,Number Of Air Passenger Arrivals,347526
1985-12,Number Of Air Passenger Arrivals,421099
1986-01,Number Of Air Passenger Arrivals,351690
1986-02,Number Of Air Passenger Arrivals,335961
1986-03,Number Of Air Passenger Arrivals,350807
1986-04,Number Of Air Passenger Arrivals,339869
1986-05,Number Of Air Passenger Arrivals,343197
1986-06,Number Of Air Passenger Arrivals,397467
1986-07,Number Of Air Passenger Arrivals,374864
1986-08,Number Of Air Passenger Arrivals,405325
1986-09,Number Of Air Passenger Arrivals,366205
1986-10,Number Of Air Passenger Arrivals,372229
1986-11,Number Of Air Passenger Arrivals,369299
1986-12,Number Of Air Passenger Arrivals,438663
1987-01,Number Of Air Passenger Arrivals,387737
1987-02,Number Of Air Passenger Arrivals,370152
1987-03,Number Of Air Passenger Arrivals,389745
1987-04,Number Of Air Passenger Arrivals,384072
1987-05,Number Of Air Passenger Arrivals,393555
1987-06,Number Of Air Passenger Arrivals,444972
1987-07,Number Of Air Passenger Arrivals,439286
1987-08,Number Of Air Passenger Arrivals,462816
1987-09,Number Of Air Passenger Arrivals,409104
1987-10,Number Of Air Passenger Arrivals,418928
1987-11,Number Of Air Passenger Arrivals,413716
1987-12,Number Of Air Passenger Arrivals,503080
1988-01,Number Of Air Passenger Arrivals,434586
1988-02,Number Of Air Passenger Arrivals,427020
1988-03,Number Of Air Passenger Arrivals,460889
1988-04,Number Of Air Passenger Arrivals,441331
1988-05,Number Of Air Passenger Arrivals,432584
1988-06,Number Of Air Passenger Arrivals,489884
1988-07,Number Of Air Passenger Arrivals,492727
1988-08,Number Of Air Passenger Arrivals,503542
1988-09,Number Of Air Passenger Arrivals,459639
1988-10,Number Of Air Passenger Arrivals,478253
1988-11,Number Of Air Passenger Arrivals,490338
1988-12,Number Of Air Passenger Arrivals,575657
1989-01,Number Of Air Passenger Arrivals,503277
1989-02,Number Of Air Passenger Arrivals,479227
1989-03,Number Of Air Passenger Arrivals,531121
1989-04,Number Of Air Passenger Arrivals,493376
1989-05,Number Of Air Passenger Arrivals,499419
1989-06,Number Of Air Passenger Arrivals,556166
1989-07,Number Of Air Passenger Arrivals,563253
1989-08,Number Of Air Passenger Arrivals,564009
1989-09,Number Of Air Passenger Arrivals,547359
1989-10,Number Of Air Passenger Arrivals,547632
1989-11,Number Of Air Passenger Arrivals,562760
1989-12,Number Of Air Passenger Arrivals,643360
1990-01,Number Of Air Passenger Arrivals,575999
1990-02,Number Of Air Passenger Arrivals,550233
1990-03,Number Of Air Passenger Arrivals,593583
1990-04,Number Of Air Passenger Arrivals,569759
1990-05,Number Of Air Passenger Arrivals,568501
1990-06,Number Of Air Passenger Arrivals,625306
1990-07,Number Of Air Passenger Arrivals,614922
1990-08,Number Of Air Passenger Arrivals,634344
1990-09,Number Of Air Passenger Arrivals,578388
1990-10,Number Of Air Passenger Arrivals,593080
1990-11,Number Of Air Passenger Arrivals,613762
1990-12,Number Of Air Passenger Arrivals,719356
1991-01,Number Of Air Passenger Arrivals,567832
1991-02,Number Of Air Passenger Arrivals,509004
1991-03,Number Of Air Passenger Arrivals,557524
1991-04,Number Of Air Passenger Arrivals,573539
1991-05,Number Of Air Passenger Arrivals,578018
1991-06,Number Of Air Passenger Arrivals,695234
1991-07,Number Of Air Passenger Arrivals,655008
1991-08,Number Of Air Passenger Arrivals,694305
1991-09,Number Of Air Passenger Arrivals,642882
1991-10,Number Of Air Passenger Arrivals,647559
1991-11,Number Of Air Passenger Arrivals,671302
1991-12,Number Of Air Passenger Arrivals,792334
1992-01,Number Of Air Passenger Arrivals,645687
1992-02,Number Of Air Passenger Arrivals,685426
1992-03,Number Of Air Passenger Arrivals,647530
1992-04,Number Of Air Passenger Arrivals,669028
1992-05,Number Of Air Passenger Arrivals,636005
1992-06,Number Of Air Passenger Arrivals,740278
1992-07,Number Of Air Passenger Arrivals,735130
1992-08,Number Of Air Passenger Arrivals,750683
1992-09,Number Of Air Passenger Arrivals,695113
1992-10,Number Of Air Passenger Arrivals,684323
1992-11,Number Of Air Passenger Arrivals,717685
1992-12,Number Of Air Passenger Arrivals,839139
1993-01,Number Of Air Passenger Arrivals,769736
1993-02,Number Of Air Passenger Arrivals,664491
1993-03,Number Of Air Passenger Arrivals,750191
1993-04,Number Of Air Passenger Arrivals,735878
1993-05,Number Of Air Passenger Arrivals,713533
1993-06,Number Of Air Passenger Arrivals,837562
1993-07,Number Of Air Passenger Arrivals,810358
1993-08,Number Of Air Passenger Arrivals,858063
1993-09,Number Of Air Passenger Arrivals,748803
1993-10,Number Of Air Passenger Arrivals,781943
1993-11,Number Of Air Passenger Arrivals,802417
1993-12,Number Of Air Passenger Arrivals,948383
1994-01,Number Of Air Passenger Arrivals,789343
1994-02,Number Of Air Passenger Arrivals,783258
1994-03,Number Of Air Passenger Arrivals,853195
1994-04,Number Of Air Passenger Arrivals,786429
1994-05,Number Of Air Passenger Arrivals,760151
1994-06,Number Of Air Passenger Arrivals,864228
1994-07,Number Of Air Passenger Arrivals,874790
1994-08,Number Of Air Passenger Arrivals,906320
1994-09,Number Of Air Passenger Arrivals,818304
1994-10,Number Of Air Passenger Arrivals,833020
1994-11,Number Of Air Passenger Arrivals,849365
1994-12,Number Of Air Passenger Arrivals,1015697
1995-01,Number Of Air Passenger Arrivals,859226
1995-02,Number Of Air Passenger Arrivals,832140
1995-03,Number Of Air Passenger Arrivals,887759
1995-04,Number Of Air Passenger Arrivals,818419
1995-05,Number Of Air Passenger Arrivals,824853
1995-06,Number Of Air Passenger Arrivals,942016
1995-07,Number Of Air Passenger Arrivals,953656
1995-08,Number Of Air Passenger Arrivals,971243
1995-09,Number Of Air Passenger Arrivals,904812
1995-10,Number Of Air Passenger Arrivals,915900
1995-11,Number Of Air Passenger Arrivals,924870
1995-12,Number Of Air Passenger Arrivals,1084845
1996-01,Number Of Air Passenger Arrivals,890630
1996-02,Number Of Air Passenger Arrivals,901146
1996-03,Number Of Air Passenger Arrivals,965904
1996-04,Number Of Air Passenger Arrivals,895006
1996-05,Number Of Air Passenger Arrivals,890622
1996-06,Number Of Air Passenger Arrivals,1053528
1996-07,Number Of Air Passenger Arrivals,975918
1996-08,Number Of Air Passenger Arrivals,1004871
1996-09,Number Of Air Passenger Arrivals,897453
1996-10,Number Of Air Passenger Arrivals,946843
1996-11,Number Of Air Passenger Arrivals,992707
1996-12,Number Of Air Passenger Arrivals,1172766
1997-01,Number Of Air Passenger Arrivals,953462
1997-02,Number Of Air Passenger Arrivals,970646
1997-03,Number Of Air Passenger Arrivals,1030349
1997-04,Number Of Air Passenger Arrivals,937720
1997-05,Number Of Air Passenger Arrivals,947564
1997-06,Number Of Air Passenger Arrivals,1072036
1997-07,Number Of Air Passenger Arrivals,1044618
1997-08,Number Of Air Passenger Arrivals,1020296
1997-09,Number Of Air Passenger Arrivals,966847
1997-10,Number Of Air Passenger Arrivals,896778
1997-11,Number Of Air Passenger Arrivals,949830
1997-12,Number Of Air Passenger Arrivals,1125823
1998-01,Number Of Air Passenger Arrivals,893575
1998-02,Number Of Air Passenger Arrivals,864256
1998-03,Number Of Air Passenger Arrivals,898977
1998-04,Number Of Air Passenger Arrivals,903140
1998-05,Number Of Air Passenger Arrivals,929296
1998-06,Number Of Air Passenger Arrivals,974009
1998-07,Number Of Air Passenger Arrivals,944507
1998-08,Number Of Air Passenger Arrivals,983613
1998-09,Number Of Air Passenger Arrivals,892006
1998-10,Number Of Air Passenger Arrivals,946332
1998-11,Number Of Air Passenger Arrivals,941033
1998-12,Number Of Air Passenger Arrivals,1120795
1999-01,Number Of Air Passenger Arrivals,990089
1999-02,Number Of Air Passenger Arrivals,921602
1999-03,Number Of Air Passenger Arrivals,1002099
1999-04,Number Of Air Passenger Arrivals,952797
1999-05,Number Of Air Passenger Arrivals,946610
1999-06,Number Of Air Passenger Arrivals,1074059
1999-07,Number Of Air Passenger Arrivals,1051683
1999-08,Number Of Air Passenger Arrivals,1064156
1999-09,Number Of Air Passenger Arrivals,999213
1999-10,Number Of Air Passenger Arrivals,1045569
1999-11,Number Of Air Passenger Arrivals,1065899
1999-12,Number Of Air Passenger Arrivals,1162625
2000-01,Number Of Air Passenger Arrivals,1045092
2000-02,Number Of Air Passenger Arrivals,1042395
2000-03,Number Of Air Passenger Arrivals,1100033
2000-04,Number Of Air Passenger Arrivals,1118255
2000-05,Number Of Air Passenger Arrivals,1056417
2000-06,Number Of Air Passenger Arrivals,1174014
2000-07,Number Of Air Passenger Arrivals,1180515
2000-08,Number Of Air Passenger Arrivals,1158741
2000-09,Number Of Air Passenger Arrivals,1121235
2000-10,Number Of Air Passenger Arrivals,1142458
2000-11,Number Of Air Passenger Arrivals,1133556
2000-12,Number Of Air Passenger Arrivals,1272897
2001-01,Number Of Air Passenger Arrivals,1164672
2001-02,Number Of Air Passenger Arrivals,1004780
2001-03,Number Of Air Passenger Arrivals,1158157
2001-04,Number Of Air Passenger Arrivals,1095673
2001-05,Number Of Air Passenger Arrivals,1082517
2001-06,Number Of Air Passenger Arrivals,1195115
2001-07,Number Of Air Passenger Arrivals,1195365
2001-08,Number Of Air Passenger Arrivals,1170932
2001-09,Number Of Air Passenger Arrivals,1081657
2001-10,Number Of Air Passenger Arrivals,986199
2001-11,Number Of Air Passenger Arrivals,978632
2001-12,Number Of Air Passenger Arrivals,1219468
2002-01,Number Of Air Passenger Arrivals,1083620
2002-02,Number Of Air Passenger Arrivals,1042812
2002-03,Number Of Air Passenger Arrivals,1177316
2002-04,Number Of Air Passenger Arrivals,1112304
2002-05,Number Of Air Passenger Arrivals,1113677
2002-06,Number Of Air Passenger Arrivals,1199064
2002-07,Number Of Air Passenger Arrivals,1169308
2002-08,Number Of Air Passenger Arrivals,1165727
2002-09,Number Of Air Passenger Arrivals,1105115
2002-10,Number Of Air Passenger Arrivals,1121857
2002-11,Number Of Air Passenger Arrivals,1094579
2002-12,Number Of Air Passenger Arrivals,1341856
2003-01,Number Of Air Passenger Arrivals,1160294
2003-02,Number Of Air Passenger Arrivals,1075361
2003-03,Number Of Air Passenger Arrivals,1053850
2003-04,Number Of Air Passenger Arrivals,531247
2003-05,Number Of Air Passenger Arrivals,447755
2003-06,Number Of Air Passenger Arrivals,707534
2003-07,Number Of Air Passenger Arrivals,994704
2003-08,Number Of Air Passenger Arrivals,1060772
2003-09,Number Of Air Passenger Arrivals,1052973
2003-10,Number Of Air Passenger Arrivals,1079953
2003-11,Number Of Air Passenger Arrivals,1109916
2003-12,Number Of Air Passenger Arrivals,1313217
2004-01,Number Of Air Passenger Arrivals,1185984
2004-02,Number Of Air Passenger Arrivals,1031209
2004-03,Number Of Air Passenger Arrivals,1110753
2004-04,Number Of Air Passenger Arrivals,1125848
2004-05,Number Of Air Passenger Arrivals,1101155
2004-06,Number Of Air Passenger Arrivals,1259022
2004-07,Number Of Air Passenger Arrivals,1266151
2004-08,Number Of Air Passenger Arrivals,1211115
2004-09,Number Of Air Passenger Arrivals,1142316
2004-10,Number Of Air Passenger Arrivals,1201403
2004-11,Number Of Air Passenger Arrivals,1259116
2004-12,Number Of Air Passenger Arrivals,1442286
2005-01,Number Of Air Passenger Arrivals,1190146
2005-02,Number Of Air Passenger Arrivals,1088066
2005-03,Number Of Air Passenger Arrivals,1238376
2005-04,Number Of Air Passenger Arrivals,1208958
2005-05,Number Of Air Passenger Arrivals,1222552
2005-06,Number Of Air Passenger Arrivals,1365817
2005-07,Number Of Air Passenger Arrivals,1380241
2005-08,Number Of Air Passenger Arrivals,1305078
2005-09,Number Of Air Passenger Arrivals,1252628
2005-10,Number Of Air Passenger Arrivals,1274683
2005-11,Number Of Air Passenger Arrivals,1332961
2005-12,Number Of Air Passenger Arrivals,1504565
2006-01,Number Of Air Passenger Arrivals,1335643
2006-02,Number Of Air Passenger Arrivals,1218154
2006-03,Number Of Air Passenger Arrivals,1349776
2006-04,Number Of Air Passenger Arrivals,1361586
2006-05,Number Of Air Passenger Arrivals,1301587
2006-06,Number Of Air Passenger Arrivals,1446210
2006-07,Number Of Air Passenger Arrivals,1458461
2006-08,Number Of Air Passenger Arrivals,1396172
2006-09,Number Of Air Passenger Arrivals,1314222
2006-10,Number Of Air Passenger Arrivals,1412937
2006-11,Number Of Air Passenger Arrivals,1422379
2006-12,Number Of Air Passenger Arrivals,1660695
2007-01,Number Of Air Passenger Arrivals,1431639
2007-02,Number Of Air Passenger Arrivals,1297496
2007-03,Number Of Air Passenger Arrivals,1458457
2007-04,Number Of Air Passenger Arrivals,1423826
2007-05,Number Of Air Passenger Arrivals,1370474
2007-06,Number Of Air Passenger Arrivals,1540784
2007-07,Number Of Air Passenger Arrivals,1527157
2007-08,Number Of Air Passenger Arrivals,1486512
2007-09,Number Of Air Passenger Arrivals,1393988
2007-10,Number Of Air Passenger Arrivals,1476108
2007-11,Number Of Air Passenger Arrivals,1509807
2007-12,Number Of Air Passenger Arrivals,1723309
2008-01,Number Of Air Passenger Arrivals,1521835
2008-02,Number Of Air Passenger Arrivals,1409338
2008-03,Number Of Air Passenger Arrivals,1575765
2008-04,Number Of Air Passenger Arrivals,1475385
2008-05,Number Of Air Passenger Arrivals,1482737
2008-06,Number Of Air Passenger Arrivals,1584192
2008-07,Number Of Air Passenger Arrivals,1568864
2008-08,Number Of Air Passenger Arrivals,1501358
2008-09,Number Of Air Passenger Arrivals,1395361
2008-10,Number Of Air Passenger Arrivals,1500119
2008-11,Number Of Air Passenger Arrivals,1462377
2008-12,Number Of Air Passenger Arrivals,1707899
2009-01,Number Of Air Passenger Arrivals,1492315
2009-02,Number Of Air Passenger Arrivals,1249465
2009-03,Number Of Air Passenger Arrivals,1396331
2009-04,Number Of Air Passenger Arrivals,1412496
2009-05,Number Of Air Passenger Arrivals,1331036
2009-06,Number Of Air Passenger Arrivals,1490813
2009-07,Number Of Air Passenger Arrivals,1543389
2009-08,Number Of Air Passenger Arrivals,1529324
2009-09,Number Of Air Passenger Arrivals,1481373
2009-10,Number Of Air Passenger Arrivals,1602157
2009-11,Number Of Air Passenger Arrivals,1609236
2009-12,Number Of Air Passenger Arrivals,1888091
2010-01,Number Of Air Passenger Arrivals,1681005
2010-02,Number Of Air Passenger Arrivals,1499346
2010-03,Number Of Air Passenger Arrivals,1674208
2010-04,Number Of Air Passenger Arrivals,1617186
2010-05,Number Of Air Passenger Arrivals,1613748
2010-06,Number Of Air Passenger Arrivals,1787760
2010-07,Number Of Air Passenger Arrivals,1794126
2010-08,Number Of Air Passenger Arrivals,1681797
2010-09,Number Of Air Passenger Arrivals,1644663
2010-10,Number Of Air Passenger Arrivals,1737287
2010-11,Number Of Air Passenger Arrivals,1738373
2010-12,Number Of Air Passenger Arrivals,2016952
2011-01,Number Of Air Passenger Arrivals,1859658
2011-02,Number Of Air Passenger Arrivals,1670471
2011-03,Number Of Air Passenger Arrivals,1816430
2011-04,Number Of Air Passenger Arrivals,1831259
2011-05,Number Of Air Passenger Arrivals,1818880
2011-06,Number Of Air Passenger Arrivals,1990616
2011-07,Number Of Air Passenger Arrivals,2056049
2011-08,Number Of Air Passenger Arrivals,1871360
2011-09,Number Of Air Passenger Arrivals,1861845
2011-10,Number Of Air Passenger Arrivals,1893500
2011-11,Number Of Air Passenger Arrivals,1865818
2011-12,Number Of Air Passenger Arrivals,2242263
2012-01,Number Of Air Passenger Arrivals,2109494
2012-02,Number Of Air Passenger Arrivals,1851000
2012-03,Number Of Air Passenger Arrivals,2087238
2012-04,Number Of Air Passenger Arrivals,2054888
2012-05,Number Of Air Passenger Arrivals,1972646
2012-06,Number Of Air Passenger Arrivals,2184433
2012-07,Number Of Air Passenger Arrivals,2148193
2012-08,Number Of Air Passenger Arrivals,2079441
2012-09,Number Of Air Passenger Arrivals,1949613
2012-10,Number Of Air Passenger Arrivals,2075010
2012-11,Number Of Air Passenger Arrivals,2102448
2012-12,Number Of Air Passenger Arrivals,2441550
2013-01,Number Of Air Passenger Arrivals,2160774
2013-02,Number Of Air Passenger Arrivals,2001547
2013-03,Number Of Air Passenger Arrivals,2251713
2013-04,Number Of Air Passenger Arrivals,2112175
2013-05,Number Of Air Passenger Arrivals,2091320
2013-06,Number Of Air Passenger Arrivals,2315861
2013-07,Number Of Air Passenger Arrivals,2263773
2013-08,Number Of Air Passenger Arrivals,2300798
2013-09,Number Of Air Passenger Arrivals,2115158
2013-10,Number Of Air Passenger Arrivals,2150448
2013-11,Number Of Air Passenger Arrivals,2164238
2013-12,Number Of Air Passenger Arrivals,2572554
2014-01,Number Of Air Passenger Arrivals,2265436
2014-02,Number Of Air Passenger Arrivals,2060429
2014-03,Number Of Air Passenger Arrivals,2211879
2014-04,Number Of Air Passenger Arrivals,2159701
2014-05,Number Of Air Passenger Arrivals,2130910
2014-06,Number Of Air Passenger Arrivals,2302985
2014-07,Number Of Air Passenger Arrivals,2274043
2014-08,Number Of Air Passenger Arrivals,2277703
2014-09,Number Of Air Passenger Arrivals,2093056
2014-10,Number Of Air Passenger Arrivals,2209537
2014-11,Number Of Air Passenger Arrivals,2134128
2014-12,Number Of Air Passenger Arrivals,2548964
2015-01,Number Of Air Passenger Arrivals,2243305
2015-02,Number Of Air Passenger Arrivals,2018729
2015-03,Number Of Air Passenger Arrivals,2237167
2015-04,Number Of Air Passenger Arrivals,2181441
2015-05,Number Of Air Passenger Arrivals,2177764
2015-06,Number Of Air Passenger Arrivals,2372653
2015-07,Number Of Air Passenger Arrivals,2453899
2015-08,Number Of Air Passenger Arrivals,2453913
2015-09,Number Of Air Passenger Arrivals,2177750
2015-10,Number Of Air Passenger Arrivals,2275334
2015-11,Number Of Air Passenger Arrivals,2255303
2015-12,Number Of Air Passenger Arrivals,2643838
2016-01,Number Of Air Passenger Arrivals,2490196
2016-02,Number Of Air Passenger Arrivals,2272357
2016-03,Number Of Air Passenger Arrivals,2437156
2016-04,Number Of Air Passenger Arrivals,2384191
2016-05,Number Of Air Passenger Arrivals,2366789
2016-06,Number Of Air Passenger Arrivals,2425547
2016-07,Number Of Air Passenger Arrivals,2609912
2016-08,Number Of Air Passenger Arrivals,2438966
2016-09,Number Of Air Passenger Arrivals,2258798
2016-10,Number Of Air Passenger Arrivals,2347744
2016-11,Number Of Air Passenger Arrivals,2333956
2016-12,Number Of Air Passenger Arrivals,2838114
2017-01,Number Of Air Passenger Arrivals,2642038
2017-02,Number Of Air Passenger Arrivals,2348046
2017-03,Number Of Air Passenger Arrivals,2543155
2017-04,Number Of Air Passenger Arrivals,2573280
2017-05,Number Of Air Passenger Arrivals,2469051
2017-06,Number Of Air Passenger Arrivals,2602663
2017-07,Number Of Air Passenger Arrivals,2725701
2017-08,Number Of Air Passenger Arrivals,2572191
2017-09,Number Of Air Passenger Arrivals,2472650
2017-10,Number Of Air Passenger Arrivals,2549697
2017-11,Number Of Air Passenger Arrivals,2520209
2017-12,Number Of Air Passenger Arrivals,2941403
2018-01,Number Of Air Passenger Arrivals,2714369
2018-02,Number Of Air Passenger Arrivals,2428368
2018-03,Number Of Air Passenger Arrivals,2745173
2018-04,Number Of Air Passenger Arrivals,2732843
2018-05,Number Of Air Passenger Arrivals,2593978
2018-06,Number Of Air Passenger Arrivals,2797378
2018-07,Number Of Air Passenger Arrivals,2877561
2018-08,Number Of Air Passenger Arrivals,2790114
2018-09,Number Of Air Passenger Arrivals,2602920
2018-10,Number Of Air Passenger Arrivals,2657528
2018-11,Number Of Air Passenger Arrivals,2642203
2018-12,Number Of Air Passenger Arrivals,3092165
2019-01,Number Of Air Passenger Arrivals,2865915
2019-02,Number Of Air Passenger Arrivals,2565307
2019-03,Number Of Air Passenger Arrivals,2795669
2019-04,Number Of Air Passenger Arrivals,2824331
2019-05,Number Of Air Passenger Arrivals,2657323
2019-06,Number Of Air Passenger Arrivals,2920788
2019-07,Number Of Air Passenger Arrivals,2986187
2019-08,Number Of Air Passenger Arrivals,2926617