"","from","to"
"1",1,"2"
"2",1,"3"
"3",2,"1"
"4",2,"3"
"5",3,"1"
"6",3,"2"
"7",4,"11"
"8",8,"9"
"9",8,"83"
"10",8,"91"
"11",8,"90"
"12",8,"38"
"13",8,"33"
"14",8,"31"
"15",9,"8"
"16",11,"4"
"17",12,"18"
"18",13,"26"
"19",13,"2"
"20",19,"20"
"21",19,"21"
"22",19,"24"
"23",19,"27"
"24",19,"28"
"25",19,"34"
"26",19,"40"
"27",20,"24"
"28",22,"23"
"29",24,"25"
"30",27,"28"
"31",34,"20"
"32",36,"30"
"33",36,"39"
"34",40,"20"
"35",44,"13"
"36",44,"26"
"37",50,"55"
"38",50,"65"
"39",50,"77"
"40",54,"57"
"41",54,"58"
"42",57,"58"
"43",59,"72"
"44",59,"79"
"45",61,"67"
"46",65,"55"
"47",66,"68"
"48",66,"70"
"49",66,"71"
"50",66,"80"
"51",66,"83"
"52",66,"91"
"53",68,"70"
"54",68,"71"
"55",68,"80"
"56",69,"42"
"57",69,"47"
"58",69,"52"
"59",69,"56"
"60",70,"71"
"61",70,"80"
"62",71,"71"
"63",71,"80"
"64",72,"79"
"65",73,"51"
"66",75,"41"
"67",82,"86"
"68",83,"91"
"69",84,"66"
"70",87,"76"
"71",88,"66"
